New/Used,Stock #,Vehicle,Year,Make,Model,Body,"Drivetrain
Type",Body,Odometer,Price,Age,VIN,Tags,Status
U,STKU95732,2019 BMW 8 Series M850i xDrive,2019,BMW,8 Series,2D Coupe,AWD,Carbon Black Metallic,"47,496","$44,975 ",13,WBABC4C5XKBU95732,No-Title,
U,T7744PA,2015 BMW X3 xDrive28d Diesel,2015,BMW,X3,4D Sport Utility,AWD,Brown Metallic,"138,972","$10,782 ",33,5UXWY3C59F0E96342,"No-Title,service",
U,T7764P,2019 Buick Encore Preferred,2019,Buick,Encore,4D Sport Utility,FWD,Black,"50,563","$14,382 ",124,KL4CJASB0KB712928,,
U,T7754P,2022 Chevrolet Equinox LT,2022,Chevrolet,Equinox,4D Sport Utility,AWD,Silver,"52,229","$19,614 ",140,3GNAXUEV4NL259765,,
U,7765P,2022 Chevrolet Malibu LT,2022,Chevrolet,Malibu,4D Sedan,FWD,Black,"51,124","$16,124 ",119,1G1ZD5ST9NF104435,,
U,T7806P,2015 Chevrolet Traverse LS,2015,Chevrolet,Traverse,4D Sport Utility,FWD,Blue Velvet Metallic,"80,449","$8,964 ",49,1GNKRFED9FJ374307,,
N,250502,2025 Ford Bronco Outer Banks,2025,Ford,Bronco,4D Sport Utility,4WD,Shadow Black,15,"$49,515 ",65,1FMDE8BH7SLA84822,,
N,230928,2023 Ford Bronco Raptor,2023,Ford,Bronco,4D Sport Utility,4WD,Shadow Black,56,"$84,939 ",651,1FMEE5JR3PLB90317,,
N,250641,2025 Ford Bronco Sport Badlands,2025,Ford,Bronco Sport,4D Sport Utility,4WD,Carbonized Gray Metallic,13,"$40,834 ",22,3FMCR9DA0SRF22264,,
U,T7788P,2021 Ford Bronco Sport Big Bend,2021,Ford,Bronco Sport,4D Sport Utility,4WD,Cactus,"56,640","$21,294 ",75,3FMCR9B66MRA10137,,
U,T7795P,2020 Ford EcoSport SE,2020,Ford,EcoSport,4D Sport Utility,FWD,Canyon Ridge,"59,541","$12,380 ",69,MAJ3S2GE8LC348979,,
U,T7817P,2019 Ford Edge Titanium,2019,Ford,Edge,4D Sport Utility,AWD,White Platinum,"34,187","$21,114 ",27,2FMPK4K96KBB46041,,
U,T250663A,2015 Ford Escape SE,2015,Ford,Escape,4D Sport Utility,FWD,Oxford White,"61,008","$10,729 ",35,1FMCU0G7XFUC34048,romero,
U,T7813P,2022 Ford Escape SE,2022,Ford,Escape,4D Sport Utility,AWD,Gray Metallic,"11,130","$21,945 ",36,1FMCU9G67NUB25217,,
U,T7811P,2022 Ford Escape SE,2022,Ford,Escape,4D Sport Utility,AWD,Agate Black Metallic,"15,429","$21,695 ",40,1FMCU9G61NUB47942,,
U,T7767P,2019 Ford Escape SEL,2019,Ford,Escape,4D Sport Utility,FWD,Lightning Blue,"102,804","$12,573 ",118,1FMCU0HD3KUA98229,,
U,T7751P,2020 Ford Escape SEL,2020,Ford,Escape,4D Sport Utility,AWD,Agate Black Metallic,"41,238","$17,667 ",142,1FMCU9H62LUC64909,,
N,250356,2025 Ford Escape ST-Line,2025,Ford,Escape,4D Sport Utility,AWD,Star White Metallic Tri-Coat,3,"$34,469 ",176,1FMCU9MN7SUA81372,,
N,250330,2025 Ford Escape ST-Line,2025,Ford,Escape,4D Sport Utility,AWD,Agate Black Metallic,3,"$34,457 ",187,1FMCU9MN7SUA78827,,
N,250310,2025 Ford Escape ST-Line,2025,Ford,Escape,4D Sport Utility,AWD,Agate Black Metallic,3,"$33,026 ",196,1FMCU9MN0SUA76465,,
N,250392,2025 Ford Escape ST-Line,2025,Ford,Escape,4D Sport Utility,AWD,Star White Metallic Tri-Coat,4,"$35,591 ",161,1FMCU9MN4SUA80616,,
N,250332,2025 Ford Escape ST-Line,2025,Ford,Escape,4D Sport Utility,AWD,Star White Metallic Tri-Coat,4,"$33,918 ",184,1FMCU9MN4SUA82446,,
N,250393,2025 Ford Escape ST-Line Select,2025,Ford,Escape,4D Sport Utility,AWD,Carbonized Gray Metallic,2,"$35,342 ",128,1FMCU9NA5SUA95427,,
N,250421,2025 Ford Escape ST-Line Select,2025,Ford,Escape,4D Sport Utility,AWD,Star White Metallic Tri-Coat,4,"$36,234 ",152,1FMCU9NA3SUA98889,,
N,250229,2025 Ford Escape ST-Line Select,2025,Ford,Escape,4D Sport Utility,AWD,Star White Metallic Tri-Coat,7,"$33,902 ",224,1FMCU9NA6SUA60539,,
N,250420,2025 Ford Escape ST-Line Select,2025,Ford,Escape,4D Sport Utility,AWD,Star White Metallic Tri-Coat,17,"$34,449 ",128,1FMCU9NA0SUA98400,,
N,250754,2025 Ford Explorer Active,2025,Ford,Explorer,4D Sport Utility,4WD,Vapor Blue Metallic,40,"$47,866 ",7,1FMUK8DH5SGC62189,,
U,T7756P,2020 Ford Explorer ST,2020,Ford,Explorer,4D Sport Utility,4WD,Black,"88,599","$26,298 ",135,1FM5K8GC0LGC49548,,
N,250668,2025 Ford Explorer ST,2025,Ford,Explorer,4D Sport Utility,4WD,Carbonized Gray Metallic,51,"$58,106 ",22,1FMWK8GC8SGC65922,,
N,250756,2025 Ford Explorer ST-Line,2025,Ford,Explorer,4D Sport Utility,4WD,Star White Metallic Tri-Coat,286,"$51,046 ",6,1FMUK8KH3SGC30229,,
U,T7779P,2020 Ford Explorer XLT,2020,Ford,Explorer,4D Sport Utility,4WD,Agate Black Metallic,"80,350","$20,975 ",105,1FMSK8DH1LGC08221,,
U,T7814P,2023 Ford Explorer XLT,2023,Ford,Explorer,4D Sport Utility,4WD,Star White Metallic Tri-Coat,"23,902","$33,758 ",35,1FMSK8DH8PGA25596,service,
N,250630,2025 Ford F-150 Lariat,2025,Ford,F-150,4D SuperCrew,4WD,Antimatter Blue Metallic,6,"$64,246 ",47,1FTFW5LD0SFB76292,,
N,250496,2025 Ford F-150 Lariat,2025,Ford,F-150,4D SuperCrew,4WD,Agate Black Metallic,25,"$67,165 ",76,1FTFW5LD5SFB41067,,
N,250142,2025 Ford F-150 Lariat,2025,Ford,F-150,4D SuperCrew,4WD,Agate Black Metallic,29,"$63,775 ",232,1FTFW5LD0SFA07549,,
N,250684,2025 Ford F-150 Lariat,2025,Ford,F-150,4D SuperCrew,4WD,Iconic Silver Metallic,209,"$71,332 ",29,1FTFW5LD5SFB52540,,
N,250671,2025 Ford F-150 STX,2025,Ford,F-150,Super Cab,4WD,Agate Black Metallic,6,"$46,473 ",7,1FTEX2LP7SKF01688,,
U,T250476A,2018 Ford F-150 XLT,2018,Ford,F-150,4D SuperCrew,4WD,Blue,"76,420","$24,474 ",48,1FTEW1EP8JFB69164,,
N,250581,2025 Ford F-150 XLT,2025,Ford,F-150,4D SuperCrew,4WD,Carbonized Gray Metallic,6,"$56,437 ",62,1FTFW3LD4SFB03074,,
N,250387,2025 Ford F-150 XLT,2025,Ford,F-150,4D SuperCrew,4WD,Agate Black Metallic,8,"$55,584 ",153,1FTEW3LP3SKD69084,,
N,250715,2025 Ford F-150 XLT,2025,Ford,F-150,4D SuperCrew,4WD,Antimatter Blue Metallic,11,"$57,534 ",7,1FTFW3LD7SFB90808,,
N,250646,2025 Ford F-150 XLT,2025,Ford,F-150,4D SuperCrew,4WD,Carbonized Gray Metallic,11,"$56,736 ",33,1FTFW3LD4SFB66384,,
N,250386,2025 Ford F-150 XLT,2025,Ford,F-150,4D SuperCrew,4WD,Carbonized Gray Metallic,14,"$55,519 ",141,1FTEW3LP2SKD69027,,
N,250390,2025 Ford F-150 XLT,2025,Ford,F-150,4D SuperCrew,4WD,Agate Black Metallic,15,"$55,519 ",156,1FTEW3LP4SKD74259,,
N,250704,2025 Ford F-150 XLT,2025,Ford,F-150,4D SuperCrew,4WD,Antimatter Blue Metallic,21,"$57,079 ",20,1FTFW3LD9SFB66428,,
N,250585,2025 Ford F-150 XLT,2025,Ford,F-150,4D SuperCrew,4WD,Antimatter Blue Metallic,25,"$56,114 ",62,1FTFW3LD8SFA21333,,
N,250753,2025 Ford F-150 XLT,2025,Ford,F-150,4D SuperCrew,4WD,Agate Black Metallic,26,"$56,795 ",7,1FTFW3LD6SFA36672,,
N,250247,2025 Ford F-150 XLT,2025,Ford,F-150,4D SuperCrew,4WD,Carbonized Gray Metallic,39,"$63,188 ",198,1FTFW3LDXSFA33841,,
N,250194,2025 Ford F-150 XLT,2025,Ford,F-150,4D SuperCrew,4WD,Iconic Silver Metallic,42,"$61,524 ",217,1FTEW3LP5SFA27418,,
N,250363,2025 Ford F-150 XLT,2025,Ford,F-150,4D SuperCrew,4WD,Carbonized Gray Metallic,42,"$57,842 ",147,1FTFW3LD5SFA61529,,
N,250587,2025 Ford F-150 XLT,2025,Ford,F-150,4D SuperCrew,4WD,Carbonized Gray Metallic,50,"$62,754 ",62,1FTFW3LD1SFA04843,,
N,250586,2025 Ford F-150 XLT,2025,Ford,F-150,4D SuperCrew,4WD,Space White Metallic,52,"$62,203 ",56,1FTFW3LD7SFA08508,,
N,250257,2025 Ford F-150 XLT,2025,Ford,F-150,4D SuperCrew,4WD,Iconic Silver Metallic,64,"$62,398 ",202,1FTFW3LD4SFA35973,,
N,250752,2025 Ford F-150 XLT,2025,Ford,F-150,4D SuperCrew,4WD,Oxford White,68,"$53,964 ",7,1FTEW3LP6SKD54210,,
N,250664,2025 Ford F-150 XLT,2025,Ford,F-150,4D SuperCrew,4WD,Antimatter Blue Metallic,143,"$56,878 ",35,1FTFW3LD8SFA61024,,
N,250676,2025 Ford F-150 Lightning Flash,2025,Ford,F-150 Lightning,4D Crew Cab,AWD,Carbonized Gray Metallic,58,"$70,251 ",30,1FT6W3L76SWG04767,,
N,250673,2025 Ford F-150 Lightning Flash,2025,Ford,F-150 Lightning,4D Crew Cab,AWD,Antimatter Blue Metallic,61,"$68,884 ",30,1FT6W3L75SWG01360,,
N,250672,2025 Ford F-150 Lightning Lariat,2025,Ford,F-150 Lightning,4D Crew Cab,AWD,Antimatter Blue Metallic,106,"$74,205 ",30,1FT6W5L72SWG00680,,
N,250710,2025 Ford F-150 Lightning XLT,2025,Ford,F-150 Lightning,4D Crew Cab,AWD,Oxford White,12,"$61,479 ",19,1FTVW3LK3SWG15774,,
N,250705,2025 Ford F-150 Lightning XLT,2025,Ford,F-150 Lightning,4D Crew Cab,AWD,Oxford White,22,"$62,511 ",19,1FTVW3LK7SWG19052,,
U,7766PA,2016 Ford Fusion SE,2016,Ford,Fusion,4D Sedan,FWD,Bronze,"140,292","$7,839 ",12,3FA6P0H77GR141350,"bodyshop,service",
N,250685,2025 Ford Mustang GT Premium,2025,Ford,Mustang,2D Convertible,RWD,Shadow Black,2,"$59,674 ",5,1FAGP8FF2S5127204,,
U,T7823P,2021 Ford Mustang Mach-E GT,2021,Ford,Mustang Mach-E,4D Sport Utility,AWD,Rapid Red Metallic Tinted Clearcoat,"38,636","$29,435 ",8,3FMTK4SE1MMD99880,"photos,service",
N,250568,2025 Ford Mustang Mach-E Premium,2025,Ford,Mustang Mach-E,4D Sport Utility,AWD,Shadow Black,6,"$51,444 ",43,3FMTK3SU8SMA36717,,
N,250566,2025 Ford Mustang Mach-E Premium,2025,Ford,Mustang Mach-E,4D Sport Utility,AWD,Star White Metallic Tri-Coat,7,"$52,377 ",14,3FMTK3SU0SMA34959,,
N,250661,2025 Ford Mustang Mach-E Premium,2025,Ford,Mustang Mach-E,4D Sport Utility,AWD,Star White Metallic Tri-Coat,8,"$52,560 ",0,3FMTK3SU1SMA43816,,
N,250606,2025 Ford Mustang Mach-E Premium,2025,Ford,Mustang Mach-E,4D Sport Utility,AWD,Glacier Gray Metallic TriCoat,8,"$52,377 ",14,3FMTK3SU4SMA35824,,
N,250540,2025 Ford Mustang Mach-E Premium,2025,Ford,Mustang Mach-E,4D Sport Utility,AWD,Desert Sand,9,"$52,006 ",14,3FMTK3SU7SMA30925,,
N,250565,2025 Ford Mustang Mach-E Premium,2025,Ford,Mustang Mach-E,4D Sport Utility,AWD,Glacier Gray Metallic TriCoat,9,"$52,377 ",43,3FMTK3SU6SMA34187,,
N,250541,2025 Ford Mustang Mach-E Premium,2025,Ford,Mustang Mach-E,4D Sport Utility,AWD,Star White Metallic Tri-Coat,9,"$52,377 ",64,3FMTK3SU4SMA37220,,
N,250482,2025 Ford Mustang Mach-E Premium,2025,Ford,Mustang Mach-E,4D Sport Utility,AWD,Glacier Gray Metallic TriCoat,9,"$52,377 ",91,3FMTK3SU4SMA26816,,
N,250480,2025 Ford Mustang Mach-E Premium,2025,Ford,Mustang Mach-E,4D Sport Utility,AWD,Glacier Gray Metallic TriCoat,11,"$52,377 ",82,3FMTK3SU8SMA25295,,
N,250567,2025 Ford Mustang Mach-E Premium,2025,Ford,Mustang Mach-E,4D Sport Utility,AWD,Shadow Black,12,"$51,444 ",48,3FMTK3SUXSMA34970,,
N,250603,2025 Ford Mustang Mach-E Premium,2025,Ford,Mustang Mach-E,4D Sport Utility,AWD,Glacier Gray Metallic TriCoat,13,"$52,377 ",14,3FMTK3SU2SMA33473,,
N,250755,2025 Ford Mustang Mach-E Premium,2025,Ford,Mustang Mach-E,4D Sport Utility,AWD,Desert Sand,109,"$46,438 ",7,3FMTK3SU1SMA17460,,
N,250622,2024 Ford Ranger Lariat,2024,Ford,Ranger,4D Crew Cab,4WD,Oxford White,54,"$46,517 ",54,1FTER4KH2RLE43283,,
U,T7810P,2020 Ford Ranger XLT,2020,Ford,Ranger,4D Crew Cab,4WD,Rapid Red Metallic Tinted Clearcoat,"42,779","$29,651 ",42,1FTER4FH6LLA74851,,
U,T7789P,2021 Jeep Cherokee Limited,2021,Jeep,Cherokee,4D Sport Utility,4WD,Bright White Clearcoat,"42,839","$24,488 ",75,1C4PJMDX2MD243639,"outside-service,photos",
U,T7783P,2012 Jeep Liberty Sport,2012,Jeep,Liberty,4D Sport Utility,4WD,Deep Cherry Red Crystal Pearlcoat,"100,007","$7,487 ",90,1C4PJMAK3CW129676,,
U,7735P,2014 Lincoln MKT EcoBoost AWD,2014,Lincoln,MKT,4D Sport Utility,AWD,Tuxedo Black Metallic,"129,748","$8,368 ",173,2LMHJ5AT5EBL58447,,